{"AKT3":{"X786O_KIDNEY":8258.2820811725,"X769P_KIDNEY":9576.2978059858},"MED6":{"X786O_KIDNEY":16679.6352674001,"X769P_KIDNEY":20005.4562908052}}
