{
	"AKT3":{
		"X769P_KIDNEY":9576.2978059858,
		"X786O_KIDNEY":8258.2820811725,
		"CAOV3_OVARY":null,
		"HEPG2_LIVER":null
	},
	"MED6":{
		"X769P_KIDNEY":20005.4562908052,
		"X786O_KIDNEY":16679.6352674001,
		"CAOV3_OVARY":null,
		"HEPG2_LIVER":null
	},
	"NR2E3":{
		"X769P_KIDNEY":null,
		"X786O_KIDNEY":null,
		"CAOV3_OVARY":345.3216430999,
		"HEPG2_LIVER":298.0432563116
	}
}