{
	"AKT3": {
		"X769P_KIDNEY" : 9576.2978068,
		"X786O_KIDNEY" : 8258.282081
	},
	"MED6": {
		"X769P_KIDNEY" : 20005.456291,
		"X786O_KIDNEY" : 16679.635267	
	}
}