{"AKT3":{"X769P_KIDNEY":9576.2978059858,"X786O_KIDNEY":8258.2820811725},"MED6":{"X769P_KIDNEY":20005.4562908052,"X786O_KIDNEY":16679.6352674001}}